id,label,type,subtype,country,description,status,source_url,confidence,last_verified,contributed_by,access,licence,cadence,image
isa,International Seabed Authority,body,treaty organisation,Jamaica,UNCLOS body with exclusive mandate to organise and control mineral activities in the Area on behalf of humankind as a whole. Headquartered in Kingston.,active,https://www.isa.org.jm/,confirmed,,seed,,,,
isa-council,ISA Council,body,organ,Jamaica,Executive organ of the ISA; approves plans of work and adopts the exploitation regulations.,active,https://www.isa.org.jm/,confirmed,,seed,,,,
isa-assembly,ISA Assembly,body,organ,Jamaica,Supreme organ of the ISA; all member states are represented.,active,https://www.isa.org.jm/,confirmed,,seed,,,,
isa-ltc,Legal and Technical Commission,body,organ,Jamaica,Subsidiary organ of the Council that reviews applications and makes recommendations. Membership and transparency are contested.,active,https://www.isa.org.jm/,confirmed,,seed,,,,
nori,Nauru Ocean Resources Inc.,company,contractor,Nauru,CCZ nodule contractor. Subsidiary of The Metals Company. Triggered the two-year rule in June 2021 via Nauru.,active,https://www.isa.org.jm/deep-seabed-minerals-contractors,confirmed,,seed,,,,
toml,Tonga Offshore Mining Limited,company,contractor,Tonga,CCZ nodule contractor. Subsidiary of The Metals Company.,active,https://www.isa.org.jm/deep-seabed-minerals-contractors,confirmed,,seed,,,,
marawa,Marawa Research and Exploration Ltd,company,contractor,Kiribati,CCZ nodule contractor; state-owned. Area has been worked under arrangement with The Metals Company.,active,https://www.isa.org.jm/deep-seabed-minerals-contractors,confirmed,,seed,,,,
tmc,The Metals Company,company,parent,Canada,Nasdaq-listed parent of NORI and TOML. Headquartered in Vancouver. Formerly DeepGreen Metals.,active,https://metals.co/,confirmed,,seed,,,,
gsr,Global Sea Mineral Resources NV,company,contractor,Belgium,CCZ nodule contractor. Subsidiary of dredging group DEME.,active,https://www.isa.org.jm/deep-seabed-minerals-contractors,confirmed,,seed,,,,
deme,DEME Group,company,parent,Belgium,Belgian dredging and marine engineering group; parent of GSR. Listed on Euronext Brussels.,active,https://www.deme-group.com/,confirmed,,seed,,,,
uksrl,UK Seabed Resources Ltd,company,contractor,United Kingdom,Holder of two CCZ nodule contracts. Formerly a Lockheed Martin subsidiary; sold in 2023.,active,https://www.isa.org.jm/deep-seabed-minerals-contractors,confirmed,,seed,,,,
lockheed,Lockheed Martin,company,former parent,United States,Former owner of UK Seabed Resources. Divested its deep-sea mining interest in 2023.,active,https://www.lockheedmartin.com/,reported,,seed,,,,
loke,Loke Marine Minerals,company,parent,Norway,Norwegian company that acquired UK Seabed Resources from Lockheed Martin in 2023. Financial position has been reported as unstable — VERIFY CURRENT STATUS.,unverified,,reported,,seed,,,,
oms,Ocean Mineral Singapore Pte Ltd,company,contractor,Singapore,CCZ nodule contractor.,active,https://www.isa.org.jm/deep-seabed-minerals-contractors,confirmed,,seed,,,,
ciic,Cook Islands Investment Corporation,company,contractor,Cook Islands,CCZ nodule contractor; Cook Islands state investment vehicle.,active,https://www.isa.org.jm/deep-seabed-minerals-contractors,confirmed,,seed,,,,
minmetals,China Minmetals Corporation,company,contractor,China,CCZ nodule contractor; state-owned enterprise.,active,https://www.isa.org.jm/deep-seabed-minerals-contractors,confirmed,,seed,,,,
comra,China Ocean Mineral Resources R&D Association,company,contractor,China,"Holds contracts across nodules, sulphides and crusts. State body under the Ministry of Natural Resources.",active,https://www.isa.org.jm/deep-seabed-minerals-contractors,confirmed,,seed,,,,
beijing-pioneer,Beijing Pioneer Hi-Tech Development Corporation,company,contractor,China,Crusts contractor in the Northwest Pacific.,active,https://www.isa.org.jm/deep-seabed-minerals-contractors,reported,,seed,,,,
dord,Deep Ocean Resources Development Co. Ltd,company,contractor,Japan,CCZ nodule contractor.,active,https://www.isa.org.jm/deep-seabed-minerals-contractors,confirmed,,seed,,,,
jogmec,Japan Organization for Metals and Energy Security,company,contractor,Japan,Crusts contractor in the Western Pacific. Formerly JOGMEC (Japan Oil Gas and Metals National Corporation).,active,https://www.isa.org.jm/deep-seabed-minerals-contractors,confirmed,,seed,,,,
yuzhmor,JSC Yuzhmorgeologiya,company,contractor,Russian Federation,CCZ nodule contractor; state-owned.,active,https://www.isa.org.jm/deep-seabed-minerals-contractors,confirmed,,seed,,,,
iom,Interoceanmetal Joint Organization,company,contractor,Poland,CCZ nodule contractor. Intergovernmental consortium of six states.,active,https://www.isa.org.jm/deep-seabed-minerals-contractors,confirmed,,seed,,,,
bmj,Blue Minerals Jamaica Ltd,company,contractor,Jamaica,CCZ nodule contractor; contract issued April 2021 over reserved area.,active,https://www.isa.org.jm/deep-seabed-minerals-contractors,reported,,seed,,,,
cprm,Companhia de Pesquisa de Recursos Minerais,company,contractor,Brazil,Crusts contractor on the Rio Grande Rise. Brazilian geological survey.,active,https://www.isa.org.jm/deep-seabed-minerals-contractors,confirmed,,seed,,,,
bgr,Federal Institute for Geosciences and Natural Resources,research-org,geological survey,Germany,German federal geoscience institute. Holds both a CCZ nodule contract and an Indian Ocean sulphides contract.,active,https://www.bgr.bund.de/,confirmed,,seed,,,,
ifremer,IFREMER,research-org,marine institute,France,French marine research institute. Holds CCZ nodule and Mid-Atlantic Ridge sulphides contracts.,active,https://www.ifremer.fr/,confirmed,,seed,,,,
govt-india,Government of India,state,contractor-state,India,Holds nodule and sulphides contracts in the Indian Ocean in its own name.,active,https://www.isa.org.jm/deep-seabed-minerals-contractors,confirmed,,seed,,,,https://flagcdn.com/w160/in.png
govt-korea,Government of the Republic of Korea,state,contractor-state,Republic of Korea,"Holds nodule, sulphides and crusts contracts in its own name.",active,https://www.isa.org.jm/deep-seabed-minerals-contractors,confirmed,,seed,,,,https://flagcdn.com/w160/kr.png
govt-poland,Government of Poland,state,contractor-state,Poland,Holds a Mid-Atlantic Ridge sulphides contract.,active,https://www.isa.org.jm/deep-seabed-minerals-contractors,confirmed,,seed,,,,https://flagcdn.com/w160/pl.png
govt-russia,Government of the Russian Federation,state,contractor-state,Russian Federation,Holds a Mid-Atlantic Ridge sulphides contract; a separate ministry holds a crusts contract.,active,https://www.isa.org.jm/deep-seabed-minerals-contractors,confirmed,,seed,,,,https://flagcdn.com/w160/ru.png
minprirody,Ministry of Natural Resources and Environment of the Russian Federation,state,contractor-state,Russian Federation,Crusts contractor on the Magellan Mountains.,active,https://www.isa.org.jm/deep-seabed-minerals-contractors,confirmed,,seed,,,,https://flagcdn.com/w160/ru.png
st-nauru,Nauru,state,sponsoring state,Nauru,Sponsoring state for NORI. Submitted the June 2021 notification that triggered the two-year rule.,active,https://www.isa.org.jm/,confirmed,,seed,,,,https://flagcdn.com/w160/nr.png
st-tonga,Tonga,state,sponsoring state,Tonga,Sponsoring state for TOML.,active,https://www.isa.org.jm/,confirmed,,seed,,,,https://flagcdn.com/w160/to.png
st-kiribati,Kiribati,state,sponsoring state,Kiribati,Sponsoring state for Marawa.,active,https://www.isa.org.jm/,confirmed,,seed,,,,https://flagcdn.com/w160/ki.png
st-belgium,Belgium,state,sponsoring state,Belgium,Sponsoring state for GSR.,active,https://www.isa.org.jm/,confirmed,,seed,,,,https://flagcdn.com/w160/be.png
st-uk,United Kingdom,state,sponsoring state,United Kingdom,Sponsoring state for UK Seabed Resources. Has stated support for a moratorium — VERIFY CURRENT POSITION.,active,https://www.isa.org.jm/,confirmed,,seed,,,,https://flagcdn.com/w160/gb.png
st-singapore,Singapore,state,sponsoring state,Singapore,Sponsoring state for Ocean Mineral Singapore.,active,https://www.isa.org.jm/,confirmed,,seed,,,,https://flagcdn.com/w160/sg.png
st-cook-islands,Cook Islands,state,sponsoring state,Cook Islands,Sponsoring state for CIIC. Also runs a national licensing regime inside its own EEZ.,active,https://www.isa.org.jm/,confirmed,,seed,,,,https://flagcdn.com/w160/ck.png
st-china,China,state,sponsoring state,China,"Sponsoring state for COMRA, China Minmetals and Beijing Pioneer.",active,https://www.isa.org.jm/,confirmed,,seed,,,,https://flagcdn.com/w160/cn.png
st-japan,Japan,state,sponsoring state,Japan,Sponsoring state for DORD and JOGMEC.,active,https://www.isa.org.jm/,confirmed,,seed,,,,https://flagcdn.com/w160/jp.png
st-germany,Germany,state,sponsoring state,Germany,Sponsoring state for BGR. Has stated support for a precautionary pause — VERIFY CURRENT POSITION.,active,https://www.isa.org.jm/,confirmed,,seed,,,,https://flagcdn.com/w160/de.png
st-france,France,state,sponsoring state,France,Sponsoring state for IFREMER. Has advocated a ban rather than a pause — VERIFY CURRENT POSITION.,active,https://www.isa.org.jm/,confirmed,,seed,,,,https://flagcdn.com/w160/fr.png
st-jamaica,Jamaica,state,sponsoring state,Jamaica,Sponsoring state for Blue Minerals Jamaica. ISA host state.,active,https://www.isa.org.jm/,confirmed,,seed,,,,https://flagcdn.com/w160/jm.png
st-brazil,Brazil,state,sponsoring state,Brazil,Sponsoring state for CPRM.,active,https://www.isa.org.jm/,confirmed,,seed,,,,https://flagcdn.com/w160/br.png
st-norway,Norway,state,coastal state,Norway,"Opened areas of its continental shelf to seabed mineral activity, then paused the first licensing round. VERIFY CURRENT STATUS.",active,,reported,,seed,,,,https://flagcdn.com/w160/no.png
st-png,Papua New Guinea,state,coastal state,Papua New Guinea,Granted the Solwara 1 licence to Nautilus Minerals; project collapsed with the company.,active,,reported,,seed,,,,https://flagcdn.com/w160/pg.png
ccz,Clarion-Clipperton Zone,area,contract area,,Abyssal plain in the equatorial North Pacific holding the large majority of nodule exploration contracts.,active,https://www.isa.org.jm/,confirmed,,seed,,,,
mar,Mid-Atlantic Ridge,area,contract area,,Sulphides exploration area.,active,https://www.isa.org.jm/,confirmed,,seed,,,,
cir,Central Indian Ridge,area,contract area,,Sulphides exploration area.,active,https://www.isa.org.jm/,confirmed,,seed,,,,
swir,Southwest Indian Ridge,area,contract area,,Sulphides exploration area held by COMRA.,active,https://www.isa.org.jm/,confirmed,,seed,,,,
indian-ocean-basin,Central Indian Ocean Basin,area,contract area,,Nodule exploration area held by India.,active,https://www.isa.org.jm/,confirmed,,seed,,,,
wpacific,Western Pacific seamounts,area,contract area,,Cobalt-rich crusts exploration area including the Magellan Mountains.,active,https://www.isa.org.jm/,confirmed,,seed,,,,
rio-grande,Rio Grande Rise,area,contract area,,South Atlantic crusts exploration area held by Brazil.,active,https://www.isa.org.jm/,confirmed,,seed,,,,
ck-eez,Cook Islands EEZ,area,national waters,Cook Islands,National jurisdiction nodule province licensed by the Cook Islands Seabed Minerals Authority.,active,,reported,,seed,,,,
miningimpact,MiningImpact,project,research programme,,"JPI Oceans programme assessing the environmental impacts of nodule mining, including monitoring of industrial trials.",active,https://www.jpi-oceans.eu/,confirmed,,seed,,,,
jpi-oceans,JPI Oceans,body,funding coordination,,Joint programming initiative coordinating European marine research funding.,active,https://www.jpi-oceans.eu/,confirmed,,seed,,,,
geomar,GEOMAR Helmholtz Centre for Ocean Research Kiel,research-org,marine institute,Germany,Coordinates MiningImpact; major source of CCZ environmental baseline science.,active,https://www.geomar.de/,confirmed,,seed,,,,
nioz,NIOZ Royal Netherlands Institute for Sea Research,research-org,marine institute,Netherlands,Deep-sea ecology research; MiningImpact partner.,active,https://www.nioz.nl/,confirmed,,seed,,,,
noc,National Oceanography Centre,research-org,marine institute,United Kingdom,UK deep-sea research institute; CCZ biodiversity work.,active,https://noc.ac.uk/,confirmed,,seed,,,,
jamstec,JAMSTEC,research-org,marine institute,Japan,Japanese marine science and technology agency; conducted the Okinawa Trough sulphides trial.,active,https://www.jamstec.go.jp/,confirmed,,seed,,,,
sintef,SINTEF,research-org,research institute,Norway,"Norwegian research institute working on minerals, sustainability and ocean industries.",active,https://www.sintef.no/,confirmed,,seed,,,,
dscc,Deep Sea Conservation Coalition,ngo,coalition,,Coalition of NGOs campaigning for a moratorium; maintains a tracker of state positions.,active,https://deep-sea-conservation.org/,confirmed,,seed,,,,
greenpeace,Greenpeace International,ngo,campaign,Netherlands,Campaigns against deep-sea mining; has conducted direct action at sea.,active,https://www.greenpeace.org/international/,confirmed,,seed,,,,
allseas,Allseas Group,company,technology,Switzerland,Offshore contractor; converted the drillship Hidden Gem for the NORI collector trial.,active,https://allseas.com/,confirmed,,seed,,,,
st-canada,Canada,state,home state,Canada,Home state of The Metals Company's headquarters. Not a sponsoring state for any ISA contract.,active,,confirmed,,seed,,,,https://flagcdn.com/w160/ca.png
st-usa,United States,state,non-party,United States,Not a party to UNCLOS and not an ISA member; US-domiciled capital and firms are active in the sector.,active,,confirmed,,seed,,,,https://flagcdn.com/w160/us.png
st-netherlands,Netherlands,state,home state,Netherlands,Home state of several offshore engineering firms active in the sector.,active,,confirmed,,seed,,,,https://flagcdn.com/w160/nl.png
st-switzerland,Switzerland,state,home state,Switzerland,Home state of Allseas Group.,active,,confirmed,,seed,,,,https://flagcdn.com/w160/ch.png
nasdaq,Nasdaq,exchange,stock exchange,United States,US securities exchange.,active,,confirmed,,seed,,,,
euronext-brussels,Euronext Brussels,exchange,stock exchange,Belgium,Belgian securities exchange.,active,,confirmed,,seed,,,,
st-russia,Russian Federation,state,sponsoring state,Russian Federation,Sponsoring state for Yuzhmorgeologiya and a member of the Interoceanmetal consortium.,active,https://www.isa.org.jm/,confirmed,,seed,,,,https://flagcdn.com/w160/ru.png
noaa,National Oceanic and Atmospheric Administration,regulator,national regulator,United States,"Administers the US deep seabed mining licensing regime under DSHMRA, outside the ISA framework.",active,https://www.noaa.gov/news-release/noaa-accelerates-permitting-timeline-for-deep-seabed-mining-applications,confirmed,,seed,,,,
sbma,Cook Islands Seabed Minerals Authority,regulator,national regulator,Cook Islands,Licenses seabed mineral exploration inside the Cook Islands EEZ under national law.,active,,confirmed,,seed,,,,
nor-energy,Norwegian Ministry of Energy,regulator,national regulator,Norway,Would run the first Norwegian seabed minerals licensing round; the round has been postponed.,active,,confirmed,,seed,,,,
png-mra,Papua New Guinea Mineral Resources Authority,regulator,national regulator,Papua New Guinea,Granted the Solwara 1 mining lease.,active,,reported,,seed,,,,
nz-epa,New Zealand Environmental Protection Authority,regulator,national regulator,New Zealand,Decision-maker on marine consent applications for seabed extraction.,active,,reported,,seed,,,,
japan-meti,Ministry of Economy Trade and Industry,regulator,national regulator,Japan,Oversees Japanese seabed mineral development within the national EEZ.,active,,reported,,seed,,,,
unclos,UN Convention on the Law of the Sea,instrument,treaty,,Establishes the Area as common heritage of humankind and creates the ISA. The US is not a party.,in force,,confirmed,,seed,,,,
mining-code,ISA exploitation regulations (Mining Code),instrument,draft regulations,,Draft regulations for commercial exploitation in the Area; under negotiation since 2014 and not adopted.,draft,https://www.isa.org.jm/,confirmed,,seed,,,,
dshmra,Deep Seabed Hard Mineral Resources Act 1980,instrument,national legislation,United States,"US statute authorising NOAA to license seabed mining in areas beyond national jurisdiction, independently of the ISA.",in force,https://www.congress.gov/crs-product/IF12608,confirmed,,seed,,,,
eo-14285,"Executive Order 14285, Unleashing America's Offshore Critical Minerals and Resources",instrument,executive order,United States,April 2025 order directing acceleration of US seabed minerals permitting.,in force,https://www.gibsondunn.com/us-moves-to-reduce-deep-sea-mining-permit-times-under-new-noaa-rule/,confirmed,,seed,,,,
noaa-rule-2026,NOAA consolidated licence and permit rule,instrument,regulations,United States,January 2026 final rule creating a single application covering both exploration licence and commercial recovery permit.,in force,https://www.noaa.gov/news-release/noaa-accelerates-permitting-timeline-for-deep-seabed-mining-applications,confirmed,,seed,,,,
nor-seabed-act,Norwegian Seabed Minerals Act,instrument,national legislation,Norway,Framework for mineral activity on the Norwegian continental shelf.,in force,,reported,,seed,,,,
ck-seabed-act,Cook Islands Seabed Minerals Act,instrument,national legislation,Cook Islands,National licensing framework administered by the SBMA.,in force,,reported,,seed,,,,
bbnj,BBNJ Agreement (High Seas Treaty),instrument,treaty,,Agreement on marine biodiversity beyond national jurisdiction; interacts with ISA area-based management.,in force,,reported,,seed,,,,
tmc-usa,TMC USA LLC,company,applicant,United States,"Sister company of NORI, both wholly owned by The Metals Company. First applicant under the consolidated NOAA process.",active,https://www.congress.gov/crs-product/IF12608,confirmed,,seed,,,,
amds,American Deep Sea Minerals,company,applicant,United States,"Applied to NOAA for an exploration licence in the Penrhyn Basin, in waters bounded by Cook Islands, Kiribati and French Polynesia jurisdiction.",active,https://www.congress.gov/crs-product/IF12608,confirmed,,seed,,,,
moana,Moana Minerals Ltd,company,licence holder,Cook Islands,Holds a Cook Islands EEZ exploration licence. Subsidiary of Ocean Minerals LLC.,active,,reported,,seed,,,,
ocean-minerals-llc,Ocean Minerals LLC,company,parent,United States,US parent of Moana Minerals.,active,,reported,,seed,,,,
cic-ltd,CIC Limited,company,licence holder,Cook Islands,Holder of a Cook Islands EEZ exploration licence granted in 2022.,active,,reported,,seed,,,,
ciic-seabed,CIIC Seabed Resources Ltd,company,licence holder,Cook Islands,Holder of a Cook Islands EEZ exploration licence granted in 2022.,active,,reported,,seed,,,,
odyssey,Odyssey Marine Exploration,company,explorer,United States,Nasdaq-listed offshore exploration company; announced a merger creating AOMC.,active,https://www.aoshearman.com/en/insights/deep-sea-mining-in-2026-regulation-geopolitics-and-the-race-for-critical-minerals,reported,,seed,,,,
aomc,AOMC,company,merged entity,United States,"Entity formed by the announced Odyssey merger, holding Cook Islands EEZ and CCZ exploration rights. VERIFY FULL LEGAL NAME AND CLOSING.",unverified,https://www.aoshearman.com/en/insights/deep-sea-mining-in-2026-regulation-geopolitics-and-the-race-for-critical-minerals,reported,,seed,,,,
dsm-corp,Deep Sea Minerals Corp,company,explorer,Canada,Vancouver-based explorer pursuing both Cook Islands EEZ concessions and NOAA permitting pathways. Listed on the CSE.,active,,reported,,seed,,,,
green-minerals,Green Minerals AS,company,explorer,Norway,The only listed Norwegian marine minerals company. Cut staff after the licensing round was postponed.,active,https://geoexpro.com/norway-stumbles-at-the-finish-line/,reported,,seed,,,,
adepth,Adepth Minerals,company,explorer,Norway,Norwegian seabed minerals company; led the EMINENT research project.,active,https://geoexpro.com/norway-stumbles-at-the-finish-line/,reported,,seed,,,,
nautilus,Nautilus Minerals,company,defunct,Canada,"Held the Solwara 1 lease in PNG waters. Collapsed in 2019, leaving PNG with substantial losses.",dissolved,,reported,,seed,,,,
impossible-metals,Impossible Metals,company,technology,United States,Developing a selective nodule collection system presented as lower-impact.,active,,reported,,seed,,,,
ttr,Trans-Tasman Resources,company,licence applicant,New Zealand,Long-running applicant for iron sands extraction in the South Taranaki Bight.,active,,reported,,seed,,,,
nor-shelf,Norwegian continental shelf,area,national waters,Norway,Area opened by Parliament in 2024 for seabed mineral activity; licensing postponed.,active,,reported,,seed,,,,
penrhyn-basin,Penrhyn Basin,area,contract area,,"Nodule province in the central Pacific, partly bounded by Cook Islands, Kiribati and French Polynesia jurisdiction.",active,https://www.congress.gov/crs-product/IF12608,reported,,seed,,,,
bismarck-sea,Bismarck Sea,area,national waters,Papua New Guinea,Location of the Solwara 1 sulphides project.,active,,reported,,seed,,,,
okinawa-trough,Okinawa Trough,area,national waters,Japan,Site of Japanese sulphides pilot extraction within the national EEZ.,active,,reported,,seed,,,,
japan-eez,Japanese EEZ,area,national waters,Japan,National waters where Japan launched a government-backed field test in January 2026.,active,https://www.gibsondunn.com/us-moves-to-reduce-deep-sea-mining-permit-times-under-new-noaa-rule/,reported,,seed,,,,
south-taranaki,South Taranaki Bight,area,national waters,New Zealand,Contested iron sands extraction site.,active,,reported,,seed,,,,
eminent,EMINENT,project,research programme,Norway,Norwegian academia-industry project on deep-sea knowledge and a domestic seabed minerals value chain.,active,https://geoexpro.com/norway-stumbles-at-the-finish-line/,reported,,seed,,,,
st-new-zealand,New Zealand,state,coastal state,New Zealand,Coastal state with a contested seabed extraction consent process.,active,,reported,,seed,,,,https://flagcdn.com/w160/nz.png
st-french-polynesia,French Polynesia,state,coastal state,French Polynesia,Pacific jurisdiction bounding the Penrhyn Basin.,active,,reported,,seed,,,,https://flagcdn.com/w160/pf.png
oslo-bors,Oslo Børs,exchange,stock exchange,Norway,Norwegian securities exchange.,active,,confirmed,,seed,,,,
cse,Canadian Securities Exchange,exchange,stock exchange,Canada,Canadian securities exchange.,active,,confirmed,,seed,,,,
src-isa-contractors,ISA exploration contractors list,source,primary register,Jamaica,"The authoritative list of exploration contracts: contractor, sponsoring state, mineral, area, dates.",active,,confirmed,,seed,open,unclear,irregular,
src-isa-deepdata,ISA DeepData,source,primary database,Jamaica,ISA's repository of contractor-submitted geological and environmental data. Coverage and completeness are contested.,active,,confirmed,,seed,registration,unclear,irregular,
src-isa-documents,ISA session documentation,source,primary documents,Jamaica,"Council and Assembly papers, statements and reports. The main record of state positions.",active,,confirmed,,seed,open,unclear,per session,
src-ltc-confidential,LTC deliberations and contractor annual reports,source,withheld,Jamaica,"Application review and much contractor reporting sits outside public access. A structural gap, not an oversight.",active,,confirmed,,seed,confidential,none,,
src-sec-edgar,SEC EDGAR,source,primary filings,United States,"US securities filings. The best source on TMC's finances, ownership and stated risks.",active,,confirmed,,seed,open,public domain,continuous,
src-noaa-register,NOAA notices and Federal Register,source,primary regulatory,United States,"Licence applications, certifications and rulemaking under DSHMRA.",active,,confirmed,,seed,open,public domain,continuous,
src-opencorporates,OpenCorporates,source,aggregator,United Kingdom,Corporate registry aggregator. The practical route into subsidiary and ownership chains.,active,,confirmed,,seed,freemium,mixed,continuous,
src-exchange-disclosures,"Exchange disclosures (Nasdaq, Euronext, Oslo Børs, CSE)",source,primary filings,,Listing and continuous disclosure obligations. Useful for the Norwegian and Canadian companies.,active,,confirmed,,seed,open,varies,continuous,
src-national-registers,National licensing registers,source,primary register,,"Cook Islands SBMA, Norwegian authorities, PNG MRA. Quality and openness vary sharply by jurisdiction.",active,,confirmed,,seed,varies,varies,irregular,
src-cordis,CORDIS,source,primary database,,EU research project database. Definitive for consortium membership and funding on EU-funded projects.,active,,confirmed,,seed,open,CC-BY,continuous,
src-jpi-miningimpact,JPI Oceans / MiningImpact outputs,source,research outputs,,Independent monitoring results and environmental baseline science.,active,,confirmed,,seed,open,varies,per campaign,
src-dscc-tracker,DSCC moratorium tracker,source,advocacy compilation,,The standard reference for which states support a moratorium or pause. Compiled by a campaigning organisation.,active,,confirmed,,seed,open,unclear,continuous,
src-company-materials,Company investor and press materials,source,company communications,,"Press releases, decks, technical reports. Often the only source for MoUs — and promotional by nature.",active,,confirmed,,seed,open,proprietary,continuous,
src-peer-reviewed,Peer-reviewed literature,source,academic,,"Deep-sea ecology, plume modelling, governance and ethics scholarship.",active,,confirmed,,seed,paywalled,mixed,continuous,
src-crs,Congressional Research Service reports,source,legislative analysis,United States,Neutral summaries of the US statutory and permitting position.,active,,confirmed,,seed,open,public domain,irregular,
src-trade-press,Trade and specialist press,source,secondary reporting,,"DSM Observer and similar. Fast, useful, and the compilations go stale without notice.",active,,confirmed,,seed,mixed,proprietary,continuous,
